variant,protein
c.1000_1001del,K334AfsX84
c.1030G>A,Gly344Ser
c.1038_1040dup,(Thr347dup)
c.1127del,Gly376Alafs*27
c.1153T>G,
c.1154C>A,(Ser385*)
c.1167_1168del,Gly391Glnfs*27
c.1167_1168del,Gly391GlnfsTer27
c.1167_1168del,Gly391GlnfsTer27
c.1167_1168del,(Gly391GInfs*27)
c.1167del,Gly391Alafs*12
c.1172del,G391Afs*12
c.1239del,Met414Trpfs*26
c.1292T>C,Leu431Pro
c.1329C>T,(Gly443=)
c.132G>A,(Trp44Ter)
c.1387-8G>A,
c.1441_1444dup,Leu482Profs*12
c.1507C>T,(Q503*)
c.1532-1G>A,
c.1630C>T,Arg544*
c.1630C>T,R544X
c.1685C>T,(P562L)
c.1685C>T,(Pro562Leu)
c.1704_1705del,(F569Cfs*48)
c.1714T>C,(W572R)
c.1714T>C,(W572R)
c.1717C>T,(R573W)
c.1735C>T,(Arg579*)
c.1741dup,(R581Pfs*37)
c.1744G>T,(p.Glu582*)
c.1783del,L595Cfs*55
c.1783del,Leu595CysfsTer55
c.1783del,Leu595CysfsTer55
c.1823_1824del,Phe608Trpfs*9
c.1861C>T,(R621*)
c.190-2A>C,(Splice acceptor)
c.1913+5G>A,
c.1914-1G>T,
c.1943del,F648Sfs*2
c.1958T>C,(L653P)
c.1981C>T,(Q661*)
c.2042del,(G681Vfs*29)
c.2059C>T,Arg687*
c.2141T>C,(L714P)
c.2177-2180del,
c.2250del,Pro751Hisfs*9
c.2260G>T,Glu754*
c.2294+1G>T,
c.2362_2366dup,T790Pfs*21
c.2438del,(L813Rfs*23)
c.2438del,Leu813fs
c.2438del,Leu813fs
c.2485G>A,Glu829Lys
c.2526dup,M843Hfs*7
c.2561G>A,(Arg854His)
c.263C>T,(Pro88Leu)
c.2764C>T,Arg922*
c.2899C>T,(Arg967*)
c.2955_2958del,Ser985Argfs*91
c.3027del,(E1009Dfs*68)
c.3061C>T,(Q1021*)
c.3205C>T,Q1069
c.3244C>T,Gln1082*
c.333delA,
c.333delA,
c.333delA,Lys114Serfs*20
c.333delA,Lys114Serfs*20
c.333delA,Lys114Serfs*20
c.333delA,"Lys114Serfs*20,"
c.333delA,Lys114SerfsTer20
c.333delA,Lys114SerfsTer20
c.3361del,Ser1121AlasfsTer9
c.3370G>T,G1124X
c.3372_3376dup,(g1126efs*6)
c.3403A>T,(Lys1135Ter)
c.3455del,(E1152Gfs*44)
c.3456del,(E1152Gfs*44)
c.3471G>A,Trp1157*
c.3534C>A,Y1178X
c.3549C>A,Y1183*
c.3567G>C,Glu1189Asp
c.3582+1G>A,?
c.3583-6G>A,
c.3583-6G>A,
c.3583-6G>A,
c.3583-6G>A,(Val1195Alafs*27)
c.3583-6G>A (Intronic),
c.3606del,H1203Tfs*3
c.3681del,Glu 1228Asnfs*7
c.3718C>T,(R1240*)
c.3718C>T,(R1240*)
c.3718C>T,Arg1240*
c.3718C>T,R1240*
c.3754C>T,(Q1252*)
c.3778_3779del,Lys1260fs
c.3794+2T>G,
c.388-2A>G,
c.403C>T,(Arg135*)
c.403C>T,p.R135*
c.427C>T,(Arg143Ter)
c.427C>T,Arg143Ter
c.431_434del,Thr144SerfsTer29
c.434_447dup,L150Sfs*29
c.454_476dup,Thr153Serfs*29
c.484C>T,p.R162C
c.490C>T,(Arg164Ter)
c.490C>T,Arg164*
c.490C>T,Arg164Ter
c.490C>T,R164*
c.490C>T,R164*
c.544_551dup,(E184Dfs*7)
c.546_547del,(H183*)
c.60dup,(Phe21Leufs*20)
c.698_699dup,Arg234Valfs*1
c.702del,(S235Lfs*16)
c.739C>T,Gln247Ter
c.763-1G>A,
c.812C>A,p.Ala271Asp
c.821T>C,(L274P)
c.827C>G,Pro276Arg
c.844T>C,Cys282Arg
c.859G>T,D287Y
c.91C>T,(R31*)
c.928G>A,(p.Glu310Lys)
c.968T>C,Leu323Pro=
c.980T>C,L327P
c.980T>C,Leu327Pro
c.3404_3407del,p.Lys1135Serfs*9
c.704_707delinsTTTT,p. S235_A236delinsFL
c.1022_1030delinsTA,p.Gly341Valfs*4
c.1030G>A,p.Gly344Ser
c.1084T>C,p.Trp362Arg
c.1089C>A,p.Tyr363*
c.1099del,p.(Leu367Cysfs*
c.1142_1143insT,p.Gly383Argfs*36
c.1154_1161del,p.Ser385Trpfs*31
c.1166C>A,p.Ser389*
c.1167_1168del,p.Gly391Glnfs*27
c.1167_1168del,p.Gly391Glnfs*27
c.1167_1168del,p.Gly391Glnfs*27
c.1167del,p.Gly391Alafs*12
c.1284T>A,p.Tyr428*
c.1292T>C,p.Leu431Pro
c.1329_1333del,p.Lys444Glyfs*27
c.1394T>C,p.Leu465Pro
c.1403T>A,p.Met468Lys
c.1463del,p.Thr488Serfs*7
c.1507C>T,p.Gln503*
c.1532-1G>C,
c.1676+1G>T,
c.1685C>T,p.Pro562Leu
c.1685dup,p.Arg563Glufs*55
c.1715G>C,p.Trp572Ser
c.1735C>T,p.Arg579*
c.1744del,p.Glu582Argfs*68
c.1792del,p.Leu598Serfs*52
c.1797C>G,p.Cys599Trp
c.1802C>A,p.Ala601Glu
c.1847A>G,p.Asp616Gly
c.1861C>T,p.Arg621*
c.1861C>T,p.Arg621*
c.1861C>T,p.Arg621*
c.1861C>T,p.Arg621*
c.1889T>A,p.lle630Asn
c.1898T>C,p.Leu633Pro
c.190-2A>G,
c.190-2A>G,
c.190-2A>G,
c.1913+1G>A,
c.1935dup,p.Leu646Serfs*6
c.1946T>G,p.Met649Arg
c.1988T>C,p.Phe663Ser
c.2003C>T,p.Ser668Phe
c.2059C>T,p.Arg687*
c.2059C>T,p.Arg687*
c.2059C>T,p.Arg687*
c.2104C>T,p.Gln702*
c.2115G>A,p.Lys705=
c.2141T>C,
c.2197C>T,p.Gln733*
c.2266C>T,p.Gln756*
c.2270del,p.Gly757Alafs*3
c.2293del,p.Ser765Alafs*44
c.2350_2354dup,p.Pro787Alafs*24
c.2354dup,p.Leu786Profs*18
c.2438del,p.Leu813Argfs*23
c.2438del,p.Leu813Argfs*23
c.250C>G,p.Arg84Gly
c.2516dup,p.Ser840Glufs*10
c.2523_2524del,p.Ser842Hisfs*7
c.2561_2577del,p.Leu840fs
c.2693C>G,p.Ser898Cys
c.2701dup,p.(A901Gfs*37)
c.2755C>T,p.Gln919*
c.2774del,p.Leu925Profs*152
c.2843del,p.Gly948Alafs*129
c.2899C>T,p.Arg967*
c.2899C>T,p.Arg967*
c.2899C>T,p.Arg967*
c.2916del,p.Asp974Thrfs*103
c.2916del,Pro972fs
c.2946T>A,p.Tyr982*
c.3124C>T,p.Gln1042*
c.3179dup,p.Gly1061Trpfs*92
c.3190C>T,p.Gln1064*
c.3227del,p.Leu1076*
c.3233_3236del,p.Val1078Alafs*51
c.3233_3236del,p.Val1078Alafs*51
c.3233_3236del,p.Val1078Alafs*51
c.3270T>G,p.(N1090K)
c.3270T>G,p.(N1090K)
c.3273_3274del,p.Leu1092Alafs*60
c.3277C>T,p.Gln1093*
c.3277C>T,p.Gln1093*
c.3303del,p.Ala1102Profs*28
c.3316C>T,p.Gln1106*
c.333delA,p.Lys114Serfs*20
c.333delA,p.Lys114Serfs*20
c.333delA,p.Lys114Serfs*20
c.3384dup,p.Leu1129Alafs*24
c.339del,p.Lys114Serfs*20
c.3416dup,p.Thr1140Aspfs*13
c.3426del,p.(Thr1143Hisfs*2)
c.3452_3453del,p.Ser1151*
c.3553A>T,p.Lys1185*
c.3583-6G>A,
c.3583-9G>A,
c.3583-9G>A,
c.3583-9G>A,
c.3642del,p.Lys1215Serfs*20
c.3665_3669dup,p.Leu1224Glyfs*13
c.3706C>T,p.Gln1236*
c.3718C>T,p.Arg1240*
c.3718C>T,p.Arg1240*
c.3718C>T,p.Arg1240*
c.3718C>T,p.Arg1240*
c.3718C>T,p.Arg1240*
c.3718C>T,p.Arg1240*
c.3754C>T,Gln1252Ter
c.3795-1G>C,
c.388-3C>G,
c.388C>T,p.Gln130*
c.397_427dup,p.Arg143Profs*19
c.4006G>A,p.Glu1336Lys
c.403C>T,p.Arg135*
c.403C>T,p.Arg135*
c.403C>T,p.Arg135*
c.404_411delGACGGCTAinsT,p.Arg135Leufs*37
c.406C>T,p.R136W
c.410del,p.Leu137Glnfs*37
c.411_418del,p.Lys138Hisfs*11
c.427C>T,p.Arg143*
c.427C>T,p.Arg143*
c.490C>T,p.Arg164*
c.490C>T,p.Arg164*
c.490C>T,p.Arg164*
c.490C>T,p.Arg164*
c.490C>T,p.Arg164*
c.490C>T,p.Arg164*
c.490C>T,p.Arg164*
c.535del,p.Glu179Serfs*9
c.557_567dup,p.Ser190Cysfs*2
c.654_655del,p.Phe218Leufs*3
c.662A>T,p.Glu221Val
c.673del,p.Ser225Hisfs*26
c.745del,p.Ala249Glnfs*2
c.762+1G>T,
c.768_770delCAGinsAA,p.Asn256Lysfs*5
c.781_784del,p.Asp261Metfs*3
c.828dup,p.Lys277Glnfs*7
c.838dup,p.Tyr280Leufs*4
c.843C>A,p.Tyr281*
c.851T>C,p.Leu284Pro
c.857_864dup,p.Met289Trpfs*61
c.878del,p.Arg293Profs*54
c.883_884del,p.Thr295Leufs*20
c.883_884del,p.Thr295Leufs*20
c.924G>C,p.W308C
c.937G>T,p.Glu313*
c.949del,p.Leu317Cysfs*30
c.968T>A,p.(L323Q)
c.971G>C,p.Arg324Pro
c.984C>G,p.Tyr328*
c.28C>T,p.R10W
Gain (Entire coding sequence),
Gain (Exon 3),
