c.address (or chrom#s),p.address,PLP/VUS
c.1532-1G>C,,Likely pathogenic
c.190-15_206delins28,,Pathogenic
c.404_411delGACGGCTAinsT,p.Arg135Leufs*37,Likely pathogenic
c.2916delT,p.Asp974Thrfs*103,Pathogenic
c.3706C>T,p.Gln1236*,Pathogenic
c.878delG,p.Arg293Profs*54,Pathogenic
c.1913+2T>G,,Pathogenic
c.662A>T,p.Glu221Val,Likely pathogenic
c.3718C>T,p.Arg1240*,Pathogenic
c.3416dupA,p.Thr1140Aspfs*13,Pathogenic
c.1861C>T,p.Arg621*,Pathogenic
c.3179dup,p.Gly1061Trpfs*92,Pathogenic
c.3642delG,p.Lys1215Serfs*20,Pathogenic
c.2104C>T,p.Gln702*,Pathogenic
c.2755C>T,p.Gln919*,Pathogenic
c.403C>T,p.Arg135*,Pathogenic
c.980T>C,p.Leu327Pro,Pathogenic
c.1685dupC,p.Arg563Glufs*55,Pathogenic
c.411_418delAAAAAGCT,p.Lys138Hisfs*11,Pathogenic
c.3534C>A,p.Tyr1178*,Likely pathogenic
c.199delc,p.Leu67Tyrfs*2,Pathogenic
c.3233_3236del,p.Val1078fs,Pathogenic
c.2899C>T,p.Arg967*,Pathogenic
c.1760_1792del33,p.Arg587_Leu598delinsIle,Pathogenic
c.2059C>T,p.Arg687*,Pathogenic
c.3718C>T,p.Arg1240*,Pathogenic
c.3233_3236delTCAG,p.Val1078fs,
c.3233_3236delTCAG,p.Val1078fs,Pathogenic
c.828dup,p.Lys277Glnfs*7,Pathogenic
c.3583-9G>A,,Likely pathogenic
c.1889T>A,p.Ile630Asn,Likely pathogenic
c.1167_1168del,p.Gly391fs,Pathogenic
c.2438delT,p.Leu813Argfs*23,Pathogenic
c.1735C>T,p.Arg579*,Pathogenic
c.3606del,p.His1203Thrfs*3,Pathogenic
c.745del,p.Ala249Glnfs*2,Pathogenic
c.1792delC,p.Leu598Serfs*52,Pathogenic
c.3718C>T,p.Arg1240*,Pathogenic
c.883_884del,p.Thr295Leufs*20,Pathogenic
c.883_884delAC,p.Thr295Leufs*20,Pathogenic
c.2899C>T,p.Arg967*,Pathogenic
c.3295delT,p.Tyr1099Metfs*,Pathogenic
c.1142_1143insT,p.Gly383Argfs*36,Pathogenic
c.1946T>G,p.Met649Arg,Likely pathogenic
c.403C>T,p.Arg135*,Pathogenic
c.3380G>C,p.Gly1127Ala,Variant of uncertain significance (VUS)
c.3962C>A,p.Pro1321Gln,Variant of uncertain significance (VUS)
c.490C>T,p.Arg164*,Pathogenic
c.1030G>A,p.Gly344Ser,Likely pathogenic
c.427C>T,p.Arg143*,Pathogenic
c.1797C>G,p.Cys599Trp,Likely pathogenic
c.1676+1G>T,,Pathogenic
c.2293delA,p.Ser765Alafs*44,Pathogenic
c.484C>T,p.Arg162Cys,Pathogenic
c.1913+1G>A,,Pathogenic
c.490C>T,p.Arg164*,Pathogenic
c.490C>T,p.Arg164*,Pathogenic
c.190-2A>G,,Pathogenic
c.3124C>T,p.Gln1042*,Pathogenic
c.3718C>T,p.Arg1240*,Pathogenic
c.1861C>T,p.Arg621*,Pathogenic
c.1167_1168delAG,p.Gly391Glnfs*27,Pathogenic
c.984C>G,p.Tyr328*,Likely pathogenic
c.3404_3407del,p.Lys1135Serfs*9,Pathogenic
c.2152delC,p.Leu718Serfs*8,Pathogenic
c.2701dup,p.Ala901Glyfs*37,Pathogenic
c.2899C>T,p.Arg967*,Pathogenic
c.1706T>C,p.Phe569Ser,Likely pathogenic
c.2561_2577del,p.Leu840fs,Pathogenic
c.3583-6G>A,,Pathogenic
c.3452_3453del,p.Ser1151*,Pathogenic
c.673delT,p.Ser225Hisfs*26,Pathogenic
c.3583-9G>A,,Likely pathogenic
c.490C>T,p.Arg164*,Pathogenic
c.1935dupT,p.Leu646Serfs*6,Pathogenic
c.768_770delCAGinsAA,p.Asn256Lysfs*5,Pathogenic
c.490C>T,p.Arg164*,Pathogenic
c.434_447dup14,p.Leu150Serfs*29,Pathogenic
c.1441_1444dup,p.Leu482Profs*12,Pathogenic
c.2350_2354dup,p.Pro787Alafs*24,Pathogenic
c.1403T>A,p.Met468Lys,Likely pathogenic
c.1403T>A,p.Met468Lys,Variant of uncertain significance (VUS)
c.1292del,p.Leu431Argfs*9,Pathogenic
c.1744del,p.Glu582Argfs*68,Pathogenic
c.1988T>C,p.Phe663Ser,Likely pathogenic
c.3718C>T,p.Arg1240*,Pathogenic
c.3553A>T,p.Lys1185*,Pathogenic
c.3665_3669dupGGCTG,p.Leu1224Glyfs*13,Pathogenic
c.490C>T,p.Arg164*,Pathogenic
c.2776_2777del,p.Ser926Leufs*11,Pathogenic
c.3273_3274del,p.Leu1092Alafs*60,Pathogenic
c.490C>T,p.Arg164*,Pathogenic
c.2970del,p.Val992Serfs*85,Pathogenic
c.2516dup,p.Ser840Glufs*10,Pathogenic
c.3726delG,p.Glu1242Aspfs*7,Pathogenic
c.3384dup,p.Leu1129Alafs*24,Likely pathogenic
c.1292T>C,p.Leu431Pro,Likely pathogenic
c.2450C>G,p.Ser817*,Pathogenic
c.838dup,p.Tyr280Leufs*4,Likely pathogenic
c.1861C>T,p.Arg621*,Pathogenic
c.1139del,p.Gly380Glufs*23,Pathogenic
c.698_699dupGT,p.Arg234Valfs*18,Pathogenic
c.3190C>T,p.Gln1064*,Pathogenic
c.3583-9G>A,,Pathogenic
c.3583-9G>A,,Variant of uncertain significance (VUS)
c.403C>T,p.Arg135*,Pathogenic
c.971G>C,p.Arg324Pro,Variant of uncertain significance (VUS)
c.1861C>T,p.Arg621*,Pathogenic
c.190-2A>G,,Pathogenic
c.3795-1G>C,,Likely pathogenic
c.851T>C,p.Leu284Pro,Likely pathogenic
c.851T>C,p.Leu284Pro,Variant of uncertain significance (VUS)
c.333delA,,Likely pathogenic
c.2955_2958del,p.Ser985Argfs*91,Pathogenic
c.557_567dup,p.Ser190Cysfs*2,Pathogenic
c.2266C>T,p.Gln756*,Pathogenic
c.2266C>T,p.Gln756*,Likely pathogenic
c.2115+1G>C,,Pathogenic
c.1284T>A,p.Tyr428*,Pathogenic
c.333delA,p.Lys114Serfs*20,Pathogenic
c.1823_1824del,p.Phe608Trpfs*9,Pathogenic
c.3233_3236delTCAG,p.Val1078Alafs*51,Pathogenic
c.2591_2592del,p.Ala864Glyfs*73,Pathogenic
c.3186_3199del14insAGG,p.Gln1064Ilefs*85,Pathogenic
c.1463delC,p.Thr488fs,Pathogenic
c.1463delC,p.T435fs,Pathogenic
c.427C>T,p.Arg143*,Pathogenic
c.2523_2524del,p.Ser842Hisfs*7,Pathogenic
c.1089C>A,p.Tyr363*,Pathogenic
c.333delA,p.Lys114Serfs*20,Pathogenic
c.1329_1333delCAAGG,p.Lys444Glyfs*27,Pathogenic
c.333del,p.Lys114Serfs*20,Pathogenic
c.1958T>C,p.Leu653Pro,Likely pathogenic
c.3227delT,p.Leu1076*,Pathogenic
c.2843del,p.Gly948Alafs*129,Pathogenic
c.1394T>C,p.Leu465Pro,Variant of uncertain significance (VUS)
c.1394T>C,p.Leu465Pro,Likely pathogenic
c.857_864dupTGGATGAC,p.Met289Trpfs*61,Pathogenic
c.3346_3347del,p.Gly1116Glnfs*37,Pathogenic
c.3718C>T,p.Arg1240*,Pathogenic
c.968T>A,p.Leu323Gln,Likely pathogenic
c.843C>A,p.Tyr281*,Pathogenic
c.762+1G>T,,Pathogenic
c.28C>T,p.Arg10Trp,Variant of uncertain significance (VUS)
c.883_884del,p.Thr295Leufs*20,Pathogenic
c.949delC,p.Leu317Cysfs*30,Pathogenic
c.1057_1072del,p.Leu353Serfs*8,Pathogenic
c.2774del,p.Leu925Profs*152,Pathogenic
c.3370G>T,p.Gly1124*,Pathogenic
c.3345_3353dupTGGGGGCAG,p.Ser1121_Gly1123dup,Variant of uncertain significance (VUS)
c.1898T>C,p.Leu633Pro,Likely pathogenic
c.2354dupG,p.Leu786Profs*18,Pathogenic
c.388-3C>G,,Likely pathogenic
c.388-3C>G,,Variant of uncertain significance (VUS)
,,Likely pathogenic
c.937G>T,p.Glu313*,Pathogenic
c.1802C>A,p.Ala601Glu,Variant of uncertain significance (VUS)
c.1802C>A,p.Ala601Glu,Likely pathogenic
c.2059C>T,p.Arg687*,Pathogenic
c.3316C>T,p.Gln1106*,Pathogenic
c.654_655del,p.Phe218Leufs*3,Pathogenic
c.1715G>C,p.Trp572Ser,Variant of uncertain significance (VUS)
c.1685C>T,p.Pro562Leu,Pathogenic
c.4006G>A,p.Glu1336Lys,Variant of uncertain significance (VUS)
c.4006G>A,p.Glu1336Lys,Likely pathogenic
c.1507C>T,p.Gln503*,Pathogenic
c.2946T>A,p.Tyr982*,Pathogenic
c.3167_3188dup,p.Pro1065Argfs*95,Pathogenic
c.3277C>T,p.Gln1093*,Pathogenic
c.490C>T,p.Arg164*,Pathogenic
c.3583-9G>A,,Likely pathogenic
c.1127del,p.Gly376Alafs*27,Pathogenic
c.3233_3236del,p.Val1078Alafs*51,Pathogenic
c.1154_1161del,p.Ser385fs,Pathogenic
c.333del,p.Lys114Serfs*20,Pathogenic
c.3718C>T,p.Arg1240*,Pathogenic
c.704_707delinsTTTT,p.Ser235_Ala236delinsPheLeu,Likely pathogenic
c.2059C>T,p.Arg687*,Pathogenic
c.388C>T,p.Gln130*,Pathogenic
c.3681del,p.Glu1228Asnfs*7,Pathogenic
c.2438delT,p.Leu813Argfs*23,Pathogenic
c.2438deIT,p.Leu813Argfs*23,Pathogenic
c.3277C>T,p.Gln1093*,Pathogenic
c.1913+5G>A,,Variant of uncertain significance (VUS)
c.1913+5G>A,,Pathogenic
,,Pathogenic
,,Variant of uncertain significance (VUS)
c.250C>G,p.Arg84Gly,Variant of uncertain significance (VUS)
c.2197C>T,p.Gln733*,Pathogenic
c.2305C>G,p.Leu769Val,Variant of uncertain significance (VUS)
c.1744G>T,p.Glu582*,Pathogenic
c.2693C>G,p.Ser898Cys,Variant of uncertain significance (VUS)
c.922C>T,p.Arg922*,Likely pathogenic
c.2494C>T,p.Gln832*,Pathogenic
c.1022_1030delinsTA,p.Gly341Valfs*4,Pathogenic
c.2526dup,p.Met843Hisfs*7,Likely pathogenic
c.397_427dup31,p.Arg143Profs*19,Pathogenic
c.1714T>C,p.Trp572Arg,Likely pathogenic
c.3653A>T,p.Glu1218Val,Variant of uncertain significance (VUS)
c.2059C>T,p.Arg687*,Pathogenic
c.1861C>T,p.Arg621*,Pathogenic
c.763-1G>A,,Pathogenic
c.410delT,p.Leu137GInfs*37,Pathogenic
c.2115G>A,p.Lys705=,Pathogenic
c.3754C>T,p.Gln1252*,Likely pathogenic
c.1167delA,p.Gly391Alafs*12,Pathogenic
c.1167_1168del,p.Gly391Glnfs*27,Pathogenic
c.812C>A,p.Ala271Asp,Pathogenic
c.1084T>C,p.Trp362Arg,Pathogenic
c.427C>T,p.Arg143*,Pathogenic
c.535delG,p.Glu179Serfs*9,Pathogenic
c.3303del,p.Ala1102Profs*28,Pathogenic
c.2886_2888dup,p.His966dup,Variant of uncertain significance (VUS)
c.2886_2888dup,p.His966dup,Likely benign
c.3244C>T,p.Gln1082*,Pathogenic
c.2003C>T,p.Ser668Phe,Variant of uncertain significance (VUS)
c.2438del,p.Leu813Argfs*23,Pathogenic
c.3718C>T,p.Arg1240*,Pathogenic
c.403C>T,p.Arg135*,Pathogenic
c.1166C>A,p.Ser389*,Pathogenic
c.781_784delGACA,p.Asp261Metfs*3,Pathogenic
c.1847A>G,p.Asp616Gly,Likely pathogenic
c.1847A>G,p.Asp616Gly,Variant of uncertain significance (VUS)
c.190-2A>G,,Likely pathogenic
c.190-2A>G,,Pathogenic
c.339del,p.Lys114Serfs*20,Pathogenic
c.490C>T,p.Arg164*,Pathogenic
c.2147G>A,p.Arg716Gln,Pathogenic
c.2147G>A,p.Arg716Gln,Likely pathogenic
c.1167_1168del,p.Gly391Glnfs*27,Pathogenic
c.1913+2_1913+5del,,Likely pathogenic
c.388-2A>G,,Pathogenic
c.1783del,p.Leu595Cysfs*55,Pathogenic
c.2899C>T,p.Arg967*,Pathogenic
c.1167_1168del,p.Gly391Glnfs*27,Pathogenic
c.2141T>C,p.Leu714Pro,Likely pathogenic
c.924G>C,p.Trp308Cys,Pathogenic
c.3303del,p.Ala1102Profs*28,Pathogenic
c.702del,p.Ser235Leufs*16,Pathogenic
c.1640G>A,p.Cys547Tyr,Likely pathogenic
c.250C>G,p.Arg84Gly,Variant of uncertain significance (VUS)
c.1630C>T,p.Arg544*,Pathogenic mutation
c.1728C>A,p.Cys576*,Pathogenic
c.1532-2A>G,,Pathogenic
c.881C>T,p.Thr294Ile,Likely pathogenic
c.3495G>A,p.=,Variant of uncertain significance (VUS)
c.3495G>A,p.=,Likely benign
c.431_434del,p.Thr144Serfs*29,Pathogenic
c.2620C>T,p.Gln874*,Pathogenic
c.3794+2T>C,,Likely pathogenic
c.3794+2T>C,,Variant of uncertain significance (VUS)
c.2056G>T,p.Gly686Cys,Variant of uncertain significance (VUS)
c.2087T>C,p.Leu696Pro,Variant of uncertain significance (VUS)
c.1167_1168del,p.Gly391Glnfs*27,Pathogenic
c.859G>T,p.Asp287Tyr,Likely pathogenic
c.1475_1482del,p.Lys492Argfs*25,Pathogenic
c.490C>T,p.Arg164*,Pathogenic
c.1984_1986del,p.Gln662del,Pathogenic
c.155C>A,p.Ser52*,Pathogenic
c.2764C>T,p.Arg922*,
33399937_33400584,lg del,Pathogenic
33265327_33600853,lg del,Pathogenic
33451137_33543925,lg del,Likely pathogenic
33359406_33625763,lg del,Pathogenic
27157116_34209573,DUP LG,Pathogenic
33405598_33413073,lg del,Likely pathogenic
