notes to check variants,exon/intron,# patients in Citizen Health,order,Chromosomal loc. ,variant type,SYNGAP1 variant,predicted protein,mosaic      ,disease model,SGM prediction,biorepository,mouse line,iPSC line,SEX,LAB,ID number,2nd line ,SEX,LAB,ID number,3rd line ,SEX,LAB,ID number,4th line ,SEX,LAB,ID number,EpiMVP variant,Rarebase Nortriptyline,Courntey assays,Publication
,1,1,28,,Missense VUS,c.28C>T,p.Arg10Trp,,VUS,,,,,,,,,,,,,,,,,,,,,,,
,2,1,155,,Nonsense,c.155C>A,p.Ser52*,,Haplo,,,,,,,,,,,,,,,,,,,,,,,
, 2/3,3,190,,Splice acceptor,c.190-2A>G,,,Haplo,,2,,,,,,,,,,,,,,,,,,,,,
, 2/3,1,190,,Splice acceptor,c.190-15_206delins28,,,Haplo,,,,,,,,,,,,,,,,,,,,,,,
,3,1,199,,Frameshift,c.199delc,p.Leu67Tyrfs*2,,Haplo,,,,,,,,,,,,,,,,,,,,,,,
,3,2,250,,Missense VUS,c.250C>G,p.Arg84Gly,,VUS,,,,,,,,,,,,,,,,,,,,,,,
,4,5,333,,Frameshift,c.333delA,p.Lys114Serfs*20,,Haplo,,2,,,,,,,,,,,,,,,,,,,,,
,4,1,339,,Frameshift,c.339del,p.Lys114Serfs*20,,Haplo,,1,,,,,,,,,,,,,,,,,,,,,
, 4/5,1,388,,Splice acceptor,c.388-2A>G,,,Haplo,,1,,,,,,,,,,,,,,,,,,,,,
, 4/5,1,388,,Splice acceptor,c.388-3C>G,,,Haplo,,1,,,,,,,,,,,,,,,,,,,,,
,5,1,388,,Nonsense,c.388C>T,p.Gln130*,,Haplo,,,,,,,,,,,,,,,,,,,,,,,
,5,4,403,,Nonsense,c.403C>T,p.Arg135*,,Haplo,,1,,,,,,,,,,,,,,,,,,,,,
,5,1,404,,Frameshift,c.404_411delGACGGCTAinsT,p.Arg135Leufs*37,,Haplo,,1,,,,,,,,,,,,,,,,,,,,,
,5,1,410,,Frameshift,c.410delT,p.Leu137GInfs*37,,Haplo,,,,,,,,,,,,,,,,,,,,,,,
,5,1,411,,Frameshift,c.411_418delAAAAAGCT,p.Lys138Hisfs*11,,Haplo,,,,,,,,,,,,,,,,,,,,,,,
,5,3,427,,Nonsense,c.427C>T,p.Arg143*,,Haplo,,,,,,,,,,,,,,,,,,,,,,,
,5,1,428,,Frameshift,c.397_427dup31,p.Arg143Profs*19,,Haplo,,,,,,,,,,,,,,,,,,,,,,,
,5,1,431,,Frameshift,c.431_434del,p.Thr144Serfs*29,,Haplo,,,,,,,,,,,,,,,,,,,,,,,
,,0,434,,Frameshift,c. 434_447dup14,p. L150Sfs*29,,Haplo,,1,,,,,,,,,,,,,,,,,,,,,
,5,0,435,,frameshift,c.435-447dup,p.L150Vfs*6,,haplo,,,,Coba Lab,,,,,,,,,,,,,,,,,,,
,5,1,448,,Frameshift,c.434_447dup14,p.Leu150Serfs*29,,Haplo,,,,,,,,,,,,,,,,,,,,,,,
,5,1,484,,Missense,c.484C>T,p.Arg162Cys,,dk,,,,CB BioR,,,,,,,,,,,,,,,,,,,
,5,10,490,,Nonsense,c.490C>T,p.Arg164*,,Haplo,,5,,CB BioR,,,,,,,,,,,,,,,,,,,
,6,1,535,,Frameshift,c.535delG,p.Glu179Serfs*9,,Haplo,,,,,,,,,,,,,,,,,,,,,,,
,6,1,558,,Frameshift,c.557_567dup,p.Ser190Cysfs*2,,Haplo,,1,,,,,,,,,,,,,,,,,,,,,
,6,1,654,,Frameshift,c.654_655del,p.Phe218Leufs*3,,Haplo,,,,,,,,,,,,,,,,,,,,,,,
,6,1,662,,Missense,c.662A>T,p.Glu221Val,,dk,,,,,,,,,,,,,,,,,,,,,,,
,7,0,668,,Missense,c.968T>G,p.L323R,,dk,pathogenic,,,Coba Lab,,,,,,,,,,,,,,,,,,,
,7,1,673,,Frameshift,c.673delT,p.Ser225Hisfs*26,,Haplo,,1,,,,,,,,,,,,,,,,,,,,,
,7,0,691,,frameshift,c.690dup,p.F231Lfs*14,,haplo,,,,Coba Lab,,,,,,,,,,,,,,,,,,,
,7,1,700,,Frameshift,c.698_699dupGT,p.Arg234Valfs*18,,Haplo,,1,,,,,,,,,,,,,,,,,,,,,
,7,1,702,,Frameshift,c.702del,p.Ser235Leufs*16,,Haplo,,,,,,,,,,,,,,,,,,,,,,,
,7,1,704,,In-frame delins,c.704_707delinsTTTT,p.Ser235_Ala236delinsPheLeu,,dk,,,,,,,,,,,,,,,,,,,,,,,
,7,1,745,,Frameshift,c.745del,p.Ala249Glnfs*2,,Haplo,,,,,,,,,,,,,,,,,,,,,,,
, 4/5,1,762,,Splice donor,c.762+1G>T,,,Haplo,,,,,,,,,,,,,,,,,,,,,,,
, 4/5,1,763,,Splice acceptor,c.763-1G>A,,,Haplo,,,,,,,,,,,,,,,,,,,,,,,
,8,1,768,,Frameshift,c.768_770delCAGinsAA,p.Asn256Lysfs*5,,Haplo,,,,,,,,,,,,,,,,,,,,,,,
,8,1,781,,Frameshift,c.781_784delGACA,p.Asp261Metfs*3,,Haplo,,,,,,,,,,,,,,,,,,,,,,,
,8,1,812,,Missense,c.812C>A,p.Ala271Asp,,dk,,,,,,,,,,,,,,,,,,,,,,,
,8,1,829,,Frameshift,c.828dup,p.Lys277Glnfs*7,,Haplo,,,,,,,,,,,,,,,,,,,,,,,
,8,1,839,,Frameshift,c.838dup,p.Tyr280Leufs*4,,Haplo,,,,,,,,,,,,,,,,,,,,,,,
,8,1,843,,Nonsense,c.843C>A,p.Tyr281*,,Haplo,,,,,,,,,,,,,,,,,,,,,,,
,8,1,851,,Missense,c.851T>C,p.Leu284Pro,,dk,,,,,,,,,,,,,,,,,,,,,,,
,8,1,859,,Missense,c.859G>T,p.Asp287Tyr,,dk,,1,,CB; Coba Lab,,,,,,,,,,,,,,,,,,,
,8,1,865,,Frameshift,c.857_864dupTGGATGAC,p.Met289Trpfs*61,,Haplo,,,,,,,,,,,,,,,,,,,,,,,
,8,1,878,,Frameshift,c.878delG,p.Arg293Profs*54,,Haplo,,,,,,,,,,,,,,,,,,,,,,,
,8,1,881,,Missense,c.881C>T,p.Thr294Ile,,dk,,,,,,,,,,,,,,,,,,,,,,,
,8,2,883,,Frameshift,c.883_884del,p.Thr295Leufs*20,,Haplo,,,,,,,,,,,,,,,,,,,,,,,
,8,1,922,,Nonsense,c.922C>T,p.Arg922*,,Haplo,,,,,,,,,,,,,,,,,,,,,,,
,8,1,924,,Missense,c.924G>C,p.Trp308Cys,,dk,,,,,,,,,,,,,,,,,,,,,,,
,8,1,937,,Nonsense,c.937G>T,p.Glu313*,,Haplo,,,,,,,,,,,,,,,,,,,,,,,
,8,1,949,,Frameshift,c.949delC,p.Leu317Cysfs*30,,Haplo,,#REF!,,,,,,,,,,,,,,,,,,,,,
,8,1,968,,Missense,c.968T>A,p.Leu323Gln,,dk,,,,,,,,,,,,,,,,,,,,,,,
,8,1,971,,Missense VUS,c.971G>C,p.Arg324Pro,,VUS,,,,,,,,,,,,,,,,,,,,,,,
,8,1,980,,Missense,c.980T>C,p.Leu327Pro,,dk,,1,,,,,,,,,,,,,,,,,,,,,
,8,1,984,,Nonsense,c.984C>G,p.Tyr328*,,Haplo,,,,,,,,,,,,,,,,,,,,,,,
,8,1,1022,,Frameshift,c.1022_1030delinsTA,p.Gly341Valfs*4,,Haplo,,1,,,,,,,,,,,,,,,,,,,,,
,8,1,1030,,Missense,c.1030G>A,p.Gly344Ser,,dk,,,,,,,,,,,,,,,,,,,,,,,
,8,1,1057,,Frameshift,c.1057_1072del,p.Leu353Serfs*8,,Haplo,,,,,,,,,,,,,,,,,,,,,,,
,8,1,1084,,Missense,c.1084T>C,p.Trp362Arg,,dk,,,,,,,,,,,,,,,,,,,,,,,
,8,1,1089,,Nonsense,c.1089C>A,p.Tyr363*,,Haplo,,,,,,,,,,,,,,,,,,,,,,,
,8,1,1127,,Frameshift,c.1127del,p.Gly376Alafs*27,,Haplo,,,,,,,,,,,,,,,,,,,,,,,
,8,1,1139,,Frameshift,c.1139del,p.Gly380Glufs*23,,Haplo,,,,,,,,,,,,,,,,,,,,,,,
,8,1,1143,,Frameshift,c.1142_1143insT,p.Gly383Argfs*36,,Haplo,,,,,,,,,,,,,,,,,,,,,,,
,8,1,1154,,Frameshift,c.1154_1161del,p.Ser385fs,,Haplo,,,,,,,,,,,,,,,,,,,,,,,
,8,1,1166,,Nonsense,c.1166C>A,p.Ser389*,,Haplo,,1,,,,,,,,,,,,,,,,,,,,,
,8,5,1167,,Frameshift,c.1167_1168delAG,p.Gly391Glnfs*27,,Haplo,,3,,Simons SFARI,,,,,,,,,,,,,,,,,,,
,8,1,1167,,Frameshift,c.1167delA,p.Gly391Alafs*12,,Haplo,,2,,,,,,,,,,,,,,,,,,,,,
,8,1,1284,,Nonsense,c.1284T>A,p.Tyr428*,,Haplo,,1,,CB BioR,,,,,,,,,,,,,,,,,,,
,8,1,1292,,Missense,c.1292T>C,p.Leu431Pro,,dk,,,,,,,,,,,,,,,,,,,,,,,
,8,1,1292,,Frameshift,c.1292del,p.Leu431Argfs*9,,Haplo,,,,,,,,,,,,,,,,,,,,,,,
,8,1,1329,,Frameshift,c.1329_1333delCAAGG,p.Lys444Glyfs*27,,Haplo,,1,,,,,,,,,,,,,,,,,,,,,
,9,1,1394,,Missense,c.1394T>C,p.Leu465Pro,,dk,,,,,,,,,,,,,,,,,,,,,,,
,9,1,1403,,Missense,c.1403T>A,p.Met468Lys,,dk,,,,,,,,,,,,,,,,,,,,,,,
,9,1,1442,,Frameshift,c.1441_1444dup,p.Leu482Profs*12,,Haplo,,,,,,,,,,,,,,,,,,,,,,,
,9,1,1463,,Frameshift,c.1463delC,p.Thr488fs,,Haplo,,,,,,,,,,,,,,,,,,,,,,,
,9,1,1475,,Frameshift,c.1475_1482del,p.Lys492Argfs*25,,Haplo,,,,,,,,,,,,,,,,,,,,,,,
,9,1,1507,,Nonsense,c.1507C>T,p.Gln503*,,Haplo,,1,JAX 39443,Coba Lab,,,,,,,,,,,,,,,,,,,
,  9/10,1,1532,,Splice acceptor,c.1532-1G>C,,,Haplo,,,,,,,,,,,,,,,,,,,,,,,
,  9/10,1,1532,,Splice acceptor,c.1532-2A>G,,,Haplo,,,,,,,,,,,,,,,,,,,,,,,
,10,1,1630,,Nonsense,c.1630C>T,p.Arg544*,,Haplo,,1,,Coba Lab,,,,,,,,,,,,,,,,,,,
,10,1,1640,,Missense,c.1640G>A,p.Cys547Tyr,,dk,,,,,,,,,,,,,,,,,,,,,,,
, 10/11,1,1676,,Splice donor,c.1676+1G>T,,,Haplo,,1,,,,,,,,,,,,,,,,,,,,,
,11,1,1685,,Missense,c.1685C>T,p.Pro562Leu,,dk,,,,,,,,,,,,,,,,,,,,,,,
,11,1,1686,,Frameshift,c.1685dupC,p.Arg563Glufs*55,,Haplo,,,,,,,,,,,,,,,,,,,,,,,
,11,1,1706,,Missense,c.1706T>C,p.Phe569Ser,,dk,,,,,,,,,,,,,,,,,,,,,,,
,11,1,1714,,Missense,c.1714T>C,p.Trp572Arg,,dk,,1,,,,,,,,,,,,,,,,,,,,,
,11,1,1715,,Missense VUS,c.1715G>C,p.Trp572Ser,,VUS,,,,,,,,,,,,,,,,,,,,,,,
,11,1,1728,,Nonsense,c.1728C>A,p.Cys576*,,Haplo,,,,,,,,,,,,,,,,,,,,,,,
,11,1,1735,,Nonsense,c.1735C>T,p.Arg579*,,Haplo,,1,,,,,,,,,,,,,,,,,,,,,
,11,1,1744,,Nonsense,c.1744G>T,p.Glu582*,,Haplo,,,,,,,,,,,,,,,,,,,,,,,
,11,1,1744,,Frameshift,c.1744del,p.Glu582Argfs*68,,Haplo,,,,,,,,,,,,,,,,,,,,,,,
,11,1,1760,,In-frame deletion,c.1760_1792del33,p.Arg587_Leu598delinsIle,,dk,,1,,,,,,,,,,,,,,,,,,,,,
,11,1,1783,,Frameshift,c.1783del,p.Leu595Cysfs*55,,Haplo,,1,,,,,,,,,,,,,,,,,,,,,
,11,1,1792,,Frameshift,c.1792delC,p.Leu598Serfs*52,,Haplo,,,,,,,,,,,,,,,,,,,,,,,
,11,1,1797,,Missense,c.1797C>G,p.Cys599Trp,,dk,,,,,,,,,,,,,,,,,,,,,,,
,11,1,1802,,Missense,c.1802C>A,p.Ala601Glu,,dk,,,,,,,,,,,,,,,,,,,,,,,
,11,1,1823,,Frameshift,c.1823_1824del,p.Phe608Trpfs*9,,Haplo,,,,,,,,,,,,,,,,,,,,,,,
,11,1,1847,,Missense,c.1847A>G,p.Asp616Gly,,dk,,1,,,,,,,,,,,,,,,,,,,,,
,11,5,1861,,Nonsense,c.1861C>T,p.Arg621*,,Haplo,,1,,,,,,,,,,,,,,,,,,,,,
,11,1,1889,,Missense,c.1889T>A,p.Ile630Asn,,dk,,,,,,,,,,,,,,,,,,,,,,,
,11,1,1898,,Missense,c.1898T>C,p.Leu633Pro,,dk,,,,,,,,,,,,,,,,,,,,,,,
, 11/12,1,1913,,Splice donor,c.1913+1G>A,,,Haplo,,,,,,,,,,,,,,,,,,,,,,,
, 11/12,1,1913,,Splice donor,c.1913+2T>G,,,Haplo,,,,,,,,,,,,,,,,,,,,,,,
, 11/12,1,1913,,Splice donor,c.1913+2_1913+5del,,,Haplo,,,,,,,,,,,,,,,,,,,,,,,
, 11/12,1,1913,,Splice donor,c.1913+5G>A,,,Haplo,,1,,,,,,,,,,,,,,,,,,,,,
,12,1,1936,,Frameshift,c.1935dupT,p.Leu646Serfs*6,,Haplo,,,,,,,,,,,,,,,,,,,,,,,
,12,1,1946,,Missense,c.1946T>G,p.Met649Arg,,dk,,,,,,,,,,,,,,,,,,,,,,,
,12,1,1958,,Missense,c.1958T>C,p.Leu653Pro,,dk,,,,,,,,,,,,,,,,,,,,,,,
,12,1,1984,,In-frame deletion,c.1984_1986del,p.Gln662del,,dk,,,,,,,,,,,,,,,,,,,,,,,
,12,1,1988,,Missense,c.1988T>C,p.Phe663Ser,,dk,,,,,,,,,,,,,,,,,,,,,,,
,12,1,2003,,Missense VUS,c.2003C>T,p.Ser668Phe,,VUS,,,,,,,,,,,,,,,,,,,,,,,
,12,1,2056,,Missense VUS,c.2056G>T,p.Gly686Cys,,VUS,,1,,,,,,,,,,,,,,,,,,,,,
,12,4,2059,,Nonsense,c.2059C>T,p.Arg687*,,Haplo,,3,,,,,,,,,,,,,,,,,,,,,
,12,1,2087,,Missense VUS,c.2087T>C,p.Leu696Pro,,VUS,,,,,,,,,,,,,,,,,,,,,,,
,12,1,2104,,Nonsense,c.2104C>T,p.Gln702*,,Haplo,,,,,,,,,,,,,,,,,,,,,,,
, 12/13,1,2115,,Splice donor,c.2115G>A,,,Haplo,,,,,,,,,,,,,,,,,,,,,,,
, 12/13,1,2115,,Splice donor,c.2115+1G>C,,,Haplo,,,,,,,,,,,,,,,,,,,,,,,
,13,1,2141,,Missense,c.2141T>C,p.Leu714Pro,,dk,,,,,,,,,,,,,,,,,,,,,,,
,13,1,2147,,Missense,c.2147G>A,p.Arg716Gln,,dk,,,,,,,,,,,,,,,,,,,,,,,
,13,1,2152,,Frameshift,c.2152delC,p.Leu718Serfs*8,,Haplo,,,,,,,,,,,,,,,,,,,,,,,
,13,1,2197,,Nonsense,c.2197C>T,p.Gln733*,,Haplo,,,,,,,,,,,,,,,,,,,,,,,
,13,1,2266,,Nonsense,c.2266C>T,p.Gln756*,,Haplo,,,,,,,,,,,,,,,,,,,,,,,
,13,1,2293,,Frameshift,c.2293delA,p.Ser765Alafs*44,,Haplo,,,,,,,,,,,,,,,,,,,,,,,
,14,1,2305,,Missense VUS,c.2305C>G,p.Leu769Val,,VUS,,,,,,,,,,,,,,,,,,,,,,,
,15,1,2351,,Frameshift,c.2350_2354dup,p.Pro787Alafs*24,,Haplo,,,,,,,,,,,,,,,,,,,,,,,
,15,1,2355,,Frameshift,c.2354dupG,p.Leu786Profs*18,,Haplo,,,,,,,,,,,,,,,,,,,,,,,
,15,2,2438,,Frameshift,c.2438delT,p.Leu813Argfs*23,,Haplo,,1,JAX 38460,,,,,,,,,,,,,,,,,,,,
,15,1,2450,,Nonsense,c.2450C>G,p.Ser817*,,Haplo,,,,,,,,,,,,,,,,,,,,,,,
,15,0,2485,,Missense,c.2485G>A,p.E829K,,,,1,,CB BioR,,,,,,,,,,,,,,,,,,,
,15,1,2494,,Nonsense,c.2494C>T,p.Gln832*,,Haplo,,,,,,,,,,,,,,,,,,,,,,,
,15,1,2517,,Frameshift,c.2516dup,p.Ser840Glufs*10,,Haplo,,,,,,,,,,,,,,,,,,,,,,,
,15,1,2523,,Frameshift,c.2523_2524del,p.Ser842Hisfs*7,,Haplo,,,,,,,,,,,,,,,,,,,,,,,
,,0,2526,,Frameshift,c.2526dup,p.M843Hfs*7,,,,1,,,,,,,,,,,,,,,,,,,,,
,15,1,2527,,Frameshift,c.2526dup,p.Met843Hisfs*7,,Haplo,,,,,,,,,,,,,,,,,,,,,,,
,15,1,2561,,Frameshift,c.2561_2577del,p.Leu840fs,,Haplo,,,,,,,,,,,,,,,,,,,,,,,
,15,1,2591,,Frameshift,c.2591_2592del,p.Ala864Glyfs*73,,Haplo,,,,,,,,,,,,,,,,,,,,,,,
,15,1,2620,,Nonsense,c.2620C>T,p.Gln874*,,Haplo,,,,,,,,,,,,,,,,,,,,,,,
,15,1,2693,,Missense VUS,c.2693C>G,p.Ser898Cys,,VUS,,,,,,,,,,,,,,,,,,,,,,,
,15,1,2702,,Frameshift,c.2701dup,p.Ala901Glyfs*37,,Haplo,,,,,,,,,,,,,,,,,,,,,,,
,15,1,2755,,Nonsense,c.2755C>T,p.Gln919*,,Haplo,,,,,,,,,,,,,,,,,,,,,,,
,15,1,2764,,Nonsense,c.2764C>T,p.Arg922*,,Haplo,,,,,,,,,,,,,,,,,,,,,,,
,15,1,2774,,Frameshift,c.2774del,p.Leu925Profs*152,,Haplo,,,,,,,,,,,,,,,,,,,,,,,
,15,1,2776,,Frameshift,c.2776_2777del,p.Ser926Leufs*11,,Haplo,,1,,,,,,,,,,,,,,,,,,,,,
,15,1,2843,,Frameshift,c.2843del,p.Gly948Alafs*129,,Haplo,,,,,,,,,,,,,,,,,,,,,,,
,15,1,2887,,In-frame duplication,c.2886_2888dup,p.His966dup,,VUS,,,,,,,,,,,,,,,,,,,,,,,
,15,4,2899,,Nonsense,c.2899C>T,p.Arg967*,,Haplo,,2,,,,,,,,,,,,,,,,,,,,,
,15,1,2916,,Frameshift,c.2916delT,p.Asp974Thrfs*103,,Haplo,,,,,,,,,,,,,,,,,,,,,,,
,15,0,2929,,frameshift,c.2929Del,p.Ala977Profs*100,,haplo,,,,Coba Lab,F,Coba Lab,MPC-ZNI-011,,,,,,,,,,,,,,,,
,15,1,2946,,Nonsense,c.2946T>A,p.Tyr982*,,Haplo,,,,,,,,,,,,,,,,,,,,,,,
,15,1,2955,,Frameshift,c.2955_2958del,p.Ser985Argfs*91,,Haplo,,,,,,,,,,,,,,,,,,,,,,,
,15,1,2970,,Frameshift,c.2970del,p.Val992Serfs*85,,Haplo,,,,,,,,,,,,,,,,,,,,,,,
,15,1,3124,,Nonsense,c.3124C>T,p.Gln1042*,,Haplo,,,,,,,,,,,,,,,,,,,,,,,
,15,1,3168,,Frameshift,c.3167_3188dup,p.Pro1065Argfs*95,,Haplo,,,,,,,,,,,,,,,,,,,,,,,
,15,1,3180,,Frameshift,c.3179dup,p.Gly1061Trpfs*92,,Haplo,,,,,,,,,,,,,,,,,,,,,,,
,15,1,3186,,Frameshift,c.3186_3199del14insAGG,p.Gln1064Ilefs*85,,Haplo,,,,,,,,,,,,,,,,,,,,,,,
,15,1,3190,,Nonsense,c.3190C>T,p.Gln1064*,,Haplo,,,,,,,,,,,,,,,,,,,,,,,
,15,1,3227,,Frameshift,c.3227delT,p.Leu1076*,,Haplo,,1,,CB BioR,,,,,,,,,,,,,,,,,,,
,15,2,3233,,Frameshift,c.3233_3236del,p.Val1078fs,,Haplo,,1,,,,,,,,,,,,,,,,,,,,,
,15,1,3244,,Nonsense,c.3244C>T,p.Gln1082*,,Haplo,,,,,,,,,,,,,,,,,,,,,,,
,15,1,3273,,Frameshift,c.3273_3274del,p.Leu1092Alafs*60,,Haplo,,,,,,,,,,,,,,,,,,,,,,,
,15,2,3277,,Nonsense,c.3277C>T,p.Gln1093*,,Haplo,,,,,,,,,,,,,,,,,,,,,,,
,15,1,3295,,Frameshift,c.3295delT,p.Tyr1099Metfs*,,Haplo,,1,,,,,,,,,,,,,,,,,,,,,
,15,2,3303,,Frameshift,c.3303del,p.Ala1102Profs*28,,Haplo,,,,,,,,,,,,,,,,,,,,,,,
,15,1,3316,,Nonsense,c.3316C>T,p.Gln1106*,,Haplo,,,,,,,,,,,,,,,,,,,,,,,
,15,1,3346,,Frameshift,c.3346_3347del,p.Gly1116Glnfs*37,,Haplo,,,,,,,,,,,,,,,,,,,,,,,
,15,1,3354,,In-frame duplication,c.3345_3353dupTGGGGGCAG,p.Ser1121_Gly1123dup,,VUS,,,,,,,,,,,,,,,,,,,,,,,
,15,1,3370,,Nonsense,c.3370G>T,p.Gly1124*,,Haplo,,,,,,,,,,,,,,,,,,,,,,,
,15,1,3380,,Missense VUS,c.3380G>C,p.Gly1127Ala,,VUS,,,,,,,,,,,,,,,,,,,,,,,
,15,1,3385,,Frameshift,c.3384dup,p.Leu1129Alafs*24,,Haplo,,,,,,,,,,,,,,,,,,,,,,,
,15,1,3404,,Frameshift,c.3404_3407del,p.Lys1135Serfs*9,,Haplo,,,,,,,,,,,,,,,,,,,,,,,
,16,1,3417,,Frameshift,c.3416dupA,p.Thr1140Aspfs*13,,Haplo,,,,,,,,,,,,,,,,,,,,,,,
,16,1,3452,,Frameshift,c.3452_3453del,p.Ser1151*,,Haplo,,,,,,,,,,,,,,,,,,,,,,,
,16,1,3495,,Synonymous,c.3495G>A,p.=,,VUS,,,,,,,,,,,,,,,,,,,,,,,
,16,1,3534,,Nonsense,c.3534C>A,p.Tyr1178*,,Haplo,,1,,,,,,,,,,,,,,,,,,,,,
,16,1,3553,,Nonsense,c.3553A>T,p.Lys1185*,,Haplo,,1,,,,,,,,,,,,,,,,,,,,,
,16/17,4,3583,,Splice acceptor,c.3583-9G>A,,,Haplo,,1,JAX 38461,CB BioR,,,,,,,,,,,,,,,,,,,
,16/17,1,3583,,Splice acceptor,c.3583-6G>A,,,Haplo,,1,,CB BioR,,,,,,,,,,,,,,,,,,,
,17,1,3606,,Frameshift,c.3606del,p.His1203Thrfs*3,,Haplo,,1,,,,,,,,,,,,,,,,,,,,,
,17,1,3642,,Frameshift,c.3642delG,p.Lys1215Serfs*20,,Haplo,,1,,,,,,,,,,,,,,,,,,,,,
,17,1,3653,,Missense VUS,c.3653A>T,p.Glu1218Val,,VUS,,,,,,,,,,,,,,,,,,,,,,,
,17,1,3670,,Frameshift,c.3665_3669dupGGCTG,p.Leu1224Glyfs*13,,Haplo,,,,,,,,,,,,,,,,,,,,,,,
,17,1,3681,,Frameshift,c.3681del,p.Glu1228Asnfs*7,,Haplo,,,,,,,,,,,,,,,,,,,,,,,
,17,1,3706,,Nonsense,c.3706C>T,p.Gln1236*,,Haplo,,,,,,,,,,,,,,,,,,,,,,,
,17,8,3718,,Nonsense,c.3718C>T,p.Arg1240*,,Haplo,,1,,,,,,,,,,,,,,,,,,,,,
,17,1,3726,,Frameshift,c.3726delG,p.Glu1242Aspfs*7,,Haplo,,,,,,,,,,,,,,,,,,,,,,,
,17,1,3754,,Nonsense,c.3754C>T,p.Gln1252*,,Haplo,,,,,,,,,,,,,,,,,,,,,,,
,17/18,1,3794,,Splice donor,c.3794+2T>C,,,Haplo,,,,,,,,,,,,,,,,,,,,,,,
,17/18,1,3795,,Splice acceptor,c.3795-1G>C,,,Haplo,,,,,,,,,,,,,,,,,,,,,,,
,19,1,3962,,Missense,c.3962C>A,p.Pro1321Gln,,VUS,,,,,,,,,,,,,,,,,,,,,,,
,19,1,4006,,Missense,c.4006G>A,p.Glu1336Lys,,dk,,,,,,,,,,,,,,,,,,,,,,,
,need hg#,1,,"33451137_33543925, 1",CNV,647,Deletion,,Haplo,,,,,,,,,,,,,,,,,,,,,,,
,need hg#,1,,"33405598_33413073, 1",CNV,335526,Deletion,,Haplo,,,,,,,,,,,,,,,,,,,,,,,
,need hg#,1,,"33399937_33400584, 1",CNV,92788,Deletion,,Haplo,,,,,,,,,,,,,,,,,,,,,,,
,need hg#,1,,"33359406_33625763, 1",CNV,266357,Deletion,,Haplo ,,,,,,,,,,,,,,,,,,,,,,,
,need hg#,1,,"33265327_33600853, 3",CNV,7052457,Duplication,,VUS,,,,,,,,,,,,,,,,,,,,,,,
,need hg#,1,,"27157116_34209573, 1",CNV,7475,Deletion,,Haplo,,1,,CB BioR,,,,,,,,,,,,,,,,,,,
,,240,,,,,,,,,#REF!,,15,,,,,,,,,,,,,,,,,,,
